id,specie_id,name,ecotype,notes,created_at,updated_at,previous_id
55,1477,hornum,"",see brown2001pmg for details,,,mghorn
56,1477,EMI-01,"",see brown2001pmg for details,,,mgemi01
57,1477,EMI-02,"",see brown2001pmg for details,,,mgemi02
58,1477,EMI-03,"",see brown2001pmg for details,,,mgemi03
59,1477,EMI-04,"",see brown2001pmg for details,,,mgemi04
61,1479,EMI-06,"",see brown2001pmg for details,,,msaemi06
62,1479,EMI-07,"",see brown2001pmg for details,,,msiemi07
63,1479,EMI-08,"",see brown2001pmg for details,,,msiemi08
64,1479,EMI-09,"",see brown2001pmg for details,,,msiemi09
65,1479,EMI-10,"",see brown2001pmg for details,,,msiemi10
66,1478,EMI-11,"",see brown2001pmg for details,,,msiemi11
67,1478,EMI-12,"",see brown2001pmg for details,,,msiemi12
68,1478,EMI-13,"",see brown2001pmg for details,,,msiemi13
69,1478,EMI-14,"",see brown2001pmg for details,,,msiemi14
70,1478,EMI-15,"",see brown2001pmg for details,,,msiemi15
79,1478,unspecified M. sinensis genotype,"",specific genotype-level information not extracted from original publication,,,misi
81,1478,MXG by SAOF hybrid,"",F1 hybrid of Saccharum sp. and M. x giganteus,,,US84-1028
101,2863,OP42,"","",2010-11-23 11:31:03,2010-11-23 11:31:03,OP42
106,2862,Hazendans,"","",2010-11-23 11:31:03,2010-11-23 11:31:03,hazendans
95,1072,2059,"","",2010-11-23 11:31:03,2010-11-23 11:31:03,205
135,1047,DN-34,"","",2010-11-23 11:31:03,2010-11-23 11:31:03,dn34
137,2870,S301,"","",2010-11-23 11:31:03,2010-11-23 11:31:03,s301
144,2872,S625,"","",2010-11-23 11:31:03,2010-11-23 11:31:03,s625
146,2873,NM5,"","",2010-11-23 11:31:03,2010-11-23 11:31:03,nm5
147,2873,NM6,"","",2010-11-23 11:31:03,2010-11-23 11:31:03,nm6
148,2860,DN-74,"","",2010-11-23 11:31:03,2010-11-23 11:31:03,dn74
151,2874,I-72,"","",2010-11-23 11:31:03,2010-11-23 11:31:03,i72
590,2984,N14,"","",2016-05-06 21:12:34.52243,2016-05-06 21:12:34.52243,
591,2984,NCo310,"","",2016-05-06 21:13:08.164348,2016-05-06 21:13:08.164348,
592,2984,NiF8,"","",2016-05-06 21:13:36.970839,2016-05-06 21:13:36.970839,
156,2877,P-J-104*049,"","",2010-11-23 11:31:03,2010-11-23 11:31:03,j104
157,2877,P-J-105*050,"","",2010-11-23 11:31:03,2010-11-23 11:31:03,j105
158,2879,P-Oxford-494,"","",2010-11-23 11:31:03,2010-11-23 11:31:03,poxford494
159,2880,P-gomel2-524,"","",2010-11-23 11:31:03,2010-11-23 11:31:03,pgomel2524
152,2068,Wolterson,"","",2010-11-23 11:31:03,2010-11-23 11:31:03,wolterson
179,2955,Muhle Larsen,"","",2010-11-23 11:31:03,2014-07-28 17:39:49.858718,muhle
115,2955,Trichobel,"","",2010-11-23 11:31:03,2014-07-28 17:39:49.858718,trichobel
218,2862,1058,"","",2010-11-23 11:31:03,2010-11-23 11:31:03,1058
219,2862,1060,"","",2010-11-23 11:31:03,2010-11-23 11:31:03,1060
220,2862,1065,"","",2010-11-23 11:31:03,2010-11-23 11:31:03,1065
78,2304,Nicotiana glauca,"","",,2014-07-28 23:26:53.782624,ngnigl
221,2862,1068,"","",2010-11-23 11:31:03,2010-11-23 11:31:03,1068
222,2862,1071,"","",2010-11-23 11:31:03,2010-11-23 11:31:03,1071
416,794,64038-4n,"",Ploidy: 4n,2012-05-29 19:22:54,2015-01-26 13:21:26.213824,""
1,938,9005438,Lowland,"",,,pv9005438
2,938,9005439,Upland,"",,,pv9005439
3,938,Alamo,Lowland,"",,,pvala
4,938,Alamo+SL933,Lowland,"",,,pvall
5,938,Alamo+Summer,Upland,"",,,pvals
6,938,Blackwell,Upland,"",,,pvbla
7,938,Blackwell+Kanlow,Upland,"",,,pvblk
8,938,Caddo,Upland,"",,,pvcad
9,938,Cathage,Lowland,"",,,pvcat
11,938,Dacotah,Upland,"",,,pvdac
223,2862,1078,"","",2010-11-23 11:31:03,2010-11-23 11:31:03,1078
224,2862,1080,"","",2010-11-23 11:31:03,2010-11-23 11:31:03,1080
225,2862,1085,"","",2010-11-23 11:31:03,2010-11-23 11:31:03,1085
226,2862,1087,"","",2010-11-23 11:31:03,2010-11-23 11:31:03,1087
87,1073,I 72,"","P. euramericana
(Dode) Guinier cv. ""San Martino"")",2010-09-27 21:48:44,2010-09-27 22:21:40,""
227,2862,1090,"","",2010-11-23 11:31:03,2010-11-23 11:31:03,1090
228,2862,1101,"","",2010-11-23 11:31:03,2010-11-23 11:31:03,1101
229,2862,1103,"","",2010-11-23 11:31:03,2010-11-23 11:31:03,1103
75,1477,Elephant grass,"","named elephant grass (Miscanthus sinensis ""giganteus"") in original (Dailianis et al 1994) citation ",,2014-07-29 00:51:14.598782,egpepu2
72,1665,Cardoon,"","",,2014-07-29 00:54:48.150746,cacyca
73,1842,Giant reed,"","",,2014-07-29 00:55:11.275472,grardo4
593,2984,N376D,"","",2016-05-06 21:14:04.808221,2016-05-06 21:14:04.808221,
594,2984,N22D,"","",2016-05-06 21:14:24.732967,2016-05-06 21:14:24.732967,
74,51190,Kochia scoparia,"","",,2014-07-29 00:56:37.803928,ksbasc5
10,938,Cave-In-Rock,Upland,"",,2014-07-10 16:03:32.19398,pvcir
77,2588,Sweet sorghum,"","",,2014-07-29 00:57:35.207962,sssobi2
80,1669,Kenaf,"","",,2014-07-29 00:58:00.764922,khica5
76,2588,Grian sorghum,"","",,2014-07-29 01:00:33.708845,gssobib
71,1667,Jerusalem artichoke,"","",,2014-07-29 01:01:16.063774,jahetu
475,938,Kansas,"","",2014-10-21 16:58:44.950327,2014-10-21 17:00:56.834755,
85,938,Greenville,"","",2010-09-16 16:49:41,2010-09-16 16:49:41,
82,2480,MXG by SAOF hybrid,NULL,F1 hybrid of Saccharum sp. and M. x giganteus,,,US84-1058
153,2864,NE-49,"","",2010-11-23 11:31:03,2010-11-23 11:31:03,ne49
154,2864,NE-252,"","",2010-11-23 11:31:03,2010-11-23 11:31:03,ne252
155,2864,NE-388,"","",2010-11-23 11:31:03,2010-11-23 11:31:03,ne388
508,831,60444,Short,"",2015-03-12 17:01:25.087131,2015-04-29 18:05:47.489717,
107,2862,Hoogvorst,"","",2010-11-23 11:31:03,2010-11-23 11:31:03,hoogvorst
110,2860,Gaver,"","",2010-11-23 11:31:03,2010-11-23 11:31:03,gaver
111,2860,Gibecq,"","",2010-11-23 11:31:03,2010-11-23 11:31:03,gibecq
476,938,Alamo H129,"","",2014-10-23 17:11:57.980673,2014-10-23 17:12:07.3628,
477,938,Alamo H180,"","",2014-10-23 17:12:29.062448,2014-10-23 17:12:29.062448,
478,938,Alamo H204,"","",2014-10-23 17:13:29.452342,2014-10-23 17:13:29.452342,
12,938,EyxFF,Upland,"",,,pveyx
13,938,Forestburg,Upland,"",,,pvfor
119,2862,Boelare,"","",2010-11-23 11:31:03,2010-11-23 11:31:03,boe
122,2862,Raspalje,"","",2010-11-23 11:31:03,2010-11-23 11:31:03,ras
123,2862,Unal,"","",2010-11-23 11:31:03,2010-11-23 11:31:03,una
126,2860,Primo,"","",2010-11-23 11:31:03,2010-11-23 11:31:03,pri
130,1047,NE41,"","",2010-11-23 11:31:03,2010-11-23 11:31:03,ne41
479,938,Alamo H246,"","",2014-10-23 17:13:56.489788,2014-10-23 17:13:56.489788,
480,938,Alamo H66,"","",2014-10-23 17:14:10.627035,2014-10-23 17:14:10.627035,
481,938,Alamo HBulk,"","",2014-10-23 17:14:25.926378,2014-10-23 17:14:25.926378,
131,1047,NE-386,"","",2010-11-23 11:31:03,2010-11-23 11:31:03,ne386
132,1047,NE-299,"","",2010-11-23 11:31:03,2010-11-23 11:31:03,ne299
133,1047,NC-5260,"","",2010-11-23 11:31:03,2010-11-23 11:31:03,nc5260
14,938,HDMDC3,Upland,"",,,pvhdm
15,938,HYLDC3,Upland,"",,,pvhyl
16,938,IAGT,Upland,"",,,pviag
17,938,IALM,Upland,"",,,pvial
18,938,Kanlow+Alamo,Lowland,"",,,pvkaa
19,938,Kanlow,Lowland,"",,,pvkan
134,1047,NC-5377,"","",2010-11-23 11:31:03,2010-11-23 11:31:03,nc5377
145,2583,SVQ,"","",2010-11-23 11:31:03,2013-03-27 18:53:09,S.viminalis
230,2862,1106,"","",2010-11-23 11:31:03,2010-11-23 11:31:03,1106
231,2862,1114,"","",2010-11-23 11:31:03,2010-11-23 11:31:03,1114
232,2862,1120,"","",2010-11-23 11:31:03,2010-11-23 11:31:03,1120
482,938,Alamo L278,"","",2014-10-23 17:14:39.197959,2014-10-23 17:14:39.197959,
483,938,Alamo L467,"","",2014-10-23 17:15:00.510582,2014-10-23 17:15:00.510582,
233,2862,1122,"","",2010-11-23 11:31:03,2010-11-23 11:31:03,1122
20,938,LateSynthetic,Upland,"",,,pvlas
234,2862,1126,"","",2010-11-23 11:31:03,2010-11-23 11:31:03,1126
235,2862,1130,"","",2010-11-23 11:31:03,2010-11-23 11:31:03,1130
236,2862,1133,"","",2010-11-23 11:31:03,2010-11-23 11:31:03,1133
237,2862,1140,"","",2010-11-23 11:31:03,2010-11-23 11:31:03,1140
238,2862,1156,"","",2010-11-23 11:31:03,2010-11-23 11:31:03,1156
114,2955,Fritzi Pauley,"","",2010-11-23 11:31:03,2014-07-28 17:39:49.858718,fritzi
166,2955,CL,"","",2010-11-23 11:31:03,2014-07-28 17:39:49.858718,CL
269,2955,93-968,"","",2010-11-23 11:31:03,2014-07-28 17:39:49.858718,93968
21,938,LateSyntheticHighYield,Upland,"",,,pvlsh
201,2955,Population 4,"","",2010-11-23 11:31:03,2014-07-28 17:39:49.858718,population4
210,2955,Hybrid 8,"","",2010-11-23 11:31:03,2014-07-28 17:39:49.858718,hybrid8
484,938,Alamo L50,"","",2014-10-23 17:15:16.02416,2014-10-23 17:15:16.02416,
485,938,Alamo L508,"","",2014-10-23 17:15:32.163366,2014-10-23 17:15:32.163366,
486,938,Alamo L77,"","",2014-10-23 17:15:45.125402,2014-10-23 17:15:45.125402,
208,2955,50 Clones,"","",2010-11-23 11:31:03,2014-07-28 17:39:49.858718,50 clones
211,2955,Hybrid 11,"","",2010-11-23 11:31:03,2014-07-28 17:39:49.858718,hybrid11
204,2955,Population 5,"","",2010-11-23 11:31:03,2014-07-28 17:39:49.858718,population5
206,2955,Population 1,"","",2010-11-23 11:31:03,2014-07-28 17:39:49.858718,population1
259,2952,Hybride 278,"","",2010-11-23 11:31:03,2010-11-23 11:31:03,hybride278
260,2952,Hybride 279,"","",2010-11-23 11:31:03,2010-11-23 11:31:03,hybride279
261,2952,Hybride 280,"","",2010-11-23 11:31:03,2010-11-23 11:31:03,hybride280
262,2952,Hybride 281,"","",2010-11-23 11:31:03,2010-11-23 11:31:03,hybride281
96,1072,1112,"","",2010-11-23 11:31:03,2010-11-23 11:31:03,111
102,1072,G3,"","",2010-11-23 11:31:03,2010-11-23 11:31:03,G3
149,1072,NL-80351,"","",2010-11-23 11:31:03,2010-11-23 11:31:03,nl80351
150,1072,I-69,"","",2010-11-23 11:31:03,2010-11-23 11:31:03,i69
487,938,Alamo LBulk,"","",2014-10-23 17:16:11.979246,2014-10-23 17:16:11.979246,
165,1072,ILL-005,"","",2010-11-23 11:31:03,2010-11-23 11:31:03,ILL005
200,2955,Population 8,"","",2010-11-23 11:31:03,2014-07-28 17:39:49.858718,population8
22,938,Native to region,Upland,"",,,pvnat
164,2955,1 12,"","",2010-11-23 11:31:03,2014-07-28 17:39:49.858718,112
113,2955,Columbia River,"","",2010-11-23 11:31:03,2014-07-28 17:39:49.858718,columbia
198,2955,Population 7,"","",2010-11-23 11:31:03,2014-07-28 17:39:49.858718,population7
212,2955,Robusta,"","",2010-11-23 11:31:03,2014-07-28 17:39:49.858718,robusta
199,2955,Population 9,"","",2010-11-23 11:31:03,2014-07-28 17:39:49.858718,population9
203,2955,Population 3,"","",2010-11-23 11:31:03,2014-07-28 17:39:49.858718,population3
207,2955,Population 6,"","",2010-11-23 11:31:03,2014-07-28 17:39:49.858718,population6
202,2955,Population 10,"","",2010-11-23 11:31:03,2014-07-28 17:39:49.858718,population10
263,2952,Hybride 282,"","",2010-11-23 11:31:03,2010-11-23 11:31:03,hybride282
264,2952,Hybride 283,"","",2010-11-23 11:31:03,2010-11-23 11:31:03,hybride283
265,2952,Hybride 284,"","",2010-11-23 11:31:03,2010-11-23 11:31:03,hybride284
266,2952,Hybride 285,"","",2010-11-23 11:31:03,2010-11-23 11:31:03,hybride285
267,2952,Hybride 286,"","",2010-11-23 11:31:03,2010-11-23 11:31:03,hybride286
271,2956,24,"","",2010-11-23 11:31:03,2010-11-23 11:31:03,24
272,2957,33,"","",2010-11-23 11:31:03,2010-11-23 11:31:03,33
488,938,Alamo Check,"","",2014-10-23 17:17:07.375689,2014-10-23 17:17:07.375689,
273,2956,794,"","",2010-11-23 11:31:03,2010-11-23 11:31:03,794
454,33738,Q124,"","",2013-05-30 14:56:54,2014-07-28 17:53:13.141671,
452,2984,H73-6110,"","",2013-05-30 14:56:54,2016-05-25 20:30:00.177602,
449,33738,N16,"","",2013-05-30 14:56:54,2014-07-28 17:53:13.141671,
446,33738,TS65-28,"","",2013-05-30 14:56:54,2014-07-28 17:53:13.141671,
457,33738,Q121,"","",2013-05-30 14:56:54,2014-07-28 17:53:13.141671,
448,33738,N12,"","",2013-05-30 14:56:54,2014-07-28 17:53:13.141671,
23,938,NCSU-1,Upland,"",,2015-05-07 19:36:51.634197,pvncsu1
24,938,NCSU-2,Upland,"",,2015-05-07 19:37:03.517768,pvncsu2
453,2984,H78-7234,"","",2013-05-30 14:56:54,2016-05-25 20:31:39.738389,
489,938,Kanlow H146,"","",2014-10-27 16:32:08.285021,2014-10-27 16:32:08.285021,
490,938,Kanlow H298,"","",2014-10-27 16:32:21.041699,2014-10-27 16:32:21.041699,
491,938,Kanlow H349,"","",2014-10-27 16:32:37.825761,2014-10-27 16:32:37.825761,
492,938,Kanlow H554,"","",2014-10-27 16:33:03.283867,2014-10-27 16:33:03.283867,
493,938,Kanlow H690,"","",2014-10-27 16:33:21.120495,2014-10-27 16:33:21.120495,
494,938,Kanlow HBulk,"","",2014-10-27 16:33:39.094845,2014-10-27 16:33:39.094845,
495,938,Kanlow L338,"","",2014-10-27 16:33:54.273894,2014-10-27 16:33:54.273894,
496,938,Kanlow L529,"","",2014-10-27 16:35:00.42276,2014-10-27 16:35:00.42276,
213,2862,49-177,"","",2010-11-23 11:31:03,2010-11-23 11:31:03,49177
214,2885,286-43,"","",2010-11-23 11:31:03,2010-11-23 11:31:03,28643
205,2955,Population 2,"","",2010-11-23 11:31:03,2014-07-28 17:39:49.858718,population2
216,2886,915005,"","",2010-11-23 11:31:03,2010-11-23 11:31:03,915005
217,2887,915319,"","",2010-11-23 11:31:03,2010-11-23 11:31:03,915319
450,33738,N17,"","",2013-05-30 14:56:54,2014-07-28 17:53:13.141671,
456,33738,Q152,"","",2013-05-30 14:56:54,2014-07-28 17:53:13.141671,
458,33738,Q151,"","",2013-05-30 14:56:54,2014-07-28 17:53:13.141671,
544,831,Cubana,"","",2015-03-13 16:57:48.991608,2015-03-13 16:57:48.991608,
547,831,Kalpaka,"","",2015-03-13 17:00:07.350651,2015-03-13 17:00:07.350651,
497,938,Kanlow L577,"","",2014-10-27 16:35:14.357131,2014-10-27 16:35:14.357131,
25,938,ND3743,Upland,"",,,pvnd3743
550,831,Sree Vijaya,"","",2015-03-13 17:01:13.795899,2015-03-13 17:01:13.795899,
551,831,Triploid 2-18,"","",2015-03-13 17:01:32.893554,2015-03-13 17:01:32.893554,
26,938,Nebraska28,Upland,"",,,pvneb
27,938,NL931,Lowland,"",,,pvnl931
28,938,NL942,Lowland,"",,,pvnl942
29,938,NU942,Upland,"",,,pvnu942
30,938,OkNu2,Upland,"",,,pvoknu
31,938,Pangburn,Lowland,"",,,pvpan
32,938,Pathfinder,Upland,"",,,pvpat
33,938,PMT279,Lowland,"",,,pvpmt2
34,938,PMT785,Lowland,"",,,pvpmt7
35,938,"Pathfinder, Trailblazer; Nj-50; CaveInRock, Shawnee",Upland,"",,,pvptncs
36,938,Shawnee,Upland,"",,,pvsha
37,938,Shelter,Upland,"",,,pvshe
38,938,Simmer,Upland,"",,,pvsim
498,938,Kanlow L613,"","",2014-10-27 16:35:29.558648,2014-10-27 16:35:29.558648,
499,938,Kanlow L733,"","",2014-10-27 16:35:45.498215,2014-10-27 16:35:45.498215,
554,831,Do Ceu,"","",2015-03-13 17:02:42.120351,2015-03-13 17:02:42.120351,
39,938,SL931,Lowland,"",,,pvsl931
40,938,SL932,Lowland,"",,,pvsl932
41,938,SL933,Lowland,"",,,pvsl933
42,938,SL941,Lowland,"",,,pvsl941
555,831,Saracura,"","",2015-03-13 17:02:59.048706,2015-03-13 17:02:59.048706,
556,831,MAus,"","",2015-03-13 17:03:21.107302,2015-03-13 17:03:21.107302,
557,831,Senorita,"","",2015-03-13 17:03:50.24929,2015-03-13 17:03:50.24929,
542,831,H 2304,Tall,"",2015-03-13 16:56:45.479472,2015-03-13 16:56:45.479472,
43,938,SU92ISO,Upland,"",,,pvsu92
44,938,SU941,Upland,"",,,pvsu941
543,831,M4,Tall,"",2015-03-13 16:57:23.113389,2015-03-13 16:57:23.113389,
280,33738,sugar cane,"","",2010-12-07 22:22:48,2010-12-07 22:22:48,
45,938,Summer,Upland,"",,,pvsum
46,938,Sunburst,Upland,"",,,pvsun
47,938,Summer+Sunburst,Upland,"",,,pvsus
48,938,Trailblazer+CaveInRock,Upland,"",,,pvtcir
289,2588,keller,"",Sorghum bicolor var. keller,2011-04-15 19:48:53,2011-04-15 19:48:53,""
49,938,Trailblazer,Upland,"",,,pvtra
545,831,CI 732,Short,"",2015-03-13 16:59:09.670956,2015-03-13 16:59:09.670956,
292,2583,eva,"","",2011-04-28 17:39:59,2011-04-28 17:39:59,""
293,2583,Salix viminalis,"","",2011-04-28 20:13:58,2011-04-28 20:13:58,""
546,831,CI 848,Short,"",2015-03-13 16:59:33.808278,2015-03-13 16:59:33.808278,
548,831,Sree Jaya,Tall,"",2015-03-13 17:00:35.834697,2015-03-13 17:00:35.834697,
296,2583,Lisa,"","",2011-04-28 20:27:37,2011-04-28 20:27:37,""
297,2583,Hanna,"","",2011-04-28 20:29:30,2011-04-28 20:29:30,""
298,2583,Christina,"","",2011-04-28 20:30:05,2011-04-28 20:30:05,""
299,2583,Marie,"","",2011-04-28 20:30:39,2011-04-28 20:30:39,""
300,2583,Anki,"","",2011-04-28 20:31:10,2011-04-28 20:31:10,""
301,2583,Gustaf,"","",2011-04-28 20:31:33,2011-04-28 20:31:33,""
302,2075,"","","",2011-04-28 21:17:16,2011-04-28 21:17:16,""
549,831,Sree Prakash,Short,"",2015-03-13 17:00:52.982581,2015-03-13 17:00:52.982581,
552,831,Triploid 4-2,Tall,"",2015-03-13 17:01:56.223979,2015-03-13 17:01:56.223979,
553,831,Vellayani Hraswa,Short,"",2015-03-13 17:02:17.290235,2015-03-13 17:02:17.290235,
285,33738,RB72454,"","",2011-04-04 17:27:20,2014-07-28 17:53:13.141671,""
286,33738,RB855113,"","",2011-04-04 17:28:05,2014-07-28 17:53:13.141671,""
304,190,Eaglet,Boreal Forest,"54.06N, 122.21W
Elevation(m) 685
Rain (mm) 557.9
Snow (mm)339.3
Days with precipitation  156
Rain days 100
Snow days
56
Mean annual temperature 3.0

Seed Source",2011-05-05 15:06:36,2011-05-05 15:15:35,""
305,190,LeeCreek,Boreal Forest,"50.46N, 119.32W
Elevation (m) 600
rain (mm) 276.9
Snow (mm) 125.6
Days with precipitation 98
Rain days 72
Snow days 26
Mean annual temperature 7.6

Seed Source",2011-05-05 15:09:43,2011-05-05 15:15:17,""
306,190,Porcupine,Boreal Forest,"49.15N, 117.10W
Elevation(m) 840
Rain (mm) 452.5
Snow (mm) 216.4
Days with precipitation 113
Rain days 113
Snow days 83
Mean annual temperature 8.2

Seed Source",2011-05-05 15:11:44,2011-05-05 15:14:59,""
307,190,Skeena,Boreal Forest,"54.3N, 12834W
Elevation (m) 70
Rain (mm) 945.5
Snow (mm) 209.0
Days with precipitation 187
Rain days 152
Snow days 35
Mean annual temperature 6.3

Seedling source",2011-05-05 15:14:23,2011-05-05 15:14:23,""
50,938,Trailblazer+Shawnee,Upland,"",,,pvtsh
51,938,Unknown,Upland,"",,,pvun
310,1243,94001,94001,"",2011-06-29 14:35:53,2011-06-29 14:35:53,94001
311,1243,94003,94003,"",2011-06-29 14:36:33,2011-06-29 14:36:33,94003
312,1243,94004,94004,"",2011-06-29 14:36:59,2011-06-29 14:36:59,94004
313,1243,94005,94005,"",2011-06-29 14:37:27,2011-06-29 14:37:27,94005
314,1243,94006,94006,"",2011-06-29 14:37:53,2011-06-29 14:37:53,94006
315,1243,94009,94009,"",2011-06-29 14:38:54,2011-06-29 14:38:54,94009
316,1243,94012,94012,"",2011-06-29 14:39:16,2011-06-29 14:39:16,94012
317,1243,94013,94013,"",2011-06-29 14:39:36,2011-06-29 14:39:36,94013
318,1243,94014,94014,"",2011-06-29 14:39:59,2011-06-29 14:39:59,94014
319,1243,94015,94015,"",2011-06-29 14:40:30,2011-06-29 14:40:30,94015
320,1243,Pur12,Pur12,"",2011-06-29 14:40:58,2011-06-29 14:40:58,Pur12
321,1243,Pur34,Pur34,"",2011-06-29 14:41:23,2011-06-29 14:41:23,Pur34
322,1243,S185,S185,"",2011-06-29 14:41:52,2011-06-29 14:41:52,S185
323,1243,S19,S19,"",2011-06-29 14:42:14,2011-06-29 14:42:14,S19
324,1243,S25,S25,"",2011-06-29 14:42:36,2011-06-29 14:42:36,S25
325,1243,S287,S287,"",2011-06-29 14:48:36,2011-06-29 14:48:36,S287
326,1243,S301,S301,"",2011-06-29 14:48:58,2011-06-29 14:48:58,S301
327,1243,S546,S546,"",2011-06-29 14:49:22,2011-06-29 14:49:22,S546
328,1243,S557,S557,"",2011-06-29 14:49:51,2011-06-29 14:49:51,S557
329,1243,S566,S566,"",2011-06-29 14:50:44,2011-06-29 14:50:44,S566
330,1243,S599,S599,"",2011-06-29 14:51:01,2011-06-29 14:51:01,S599
331,1243,S625,S625,"",2011-06-29 14:51:28,2011-06-29 14:51:28,S625
332,1243,S646,S646,"",2011-06-29 14:51:47,2011-06-29 14:51:47,S646
333,1243,S652,S652,"",2011-06-29 14:52:11,2011-06-29 14:52:11,S652
334,1243,S365,S365,"",2011-06-29 14:52:34,2011-06-29 14:52:34,S365
335,1244,SA2,SA2,"",2011-06-29 14:52:54,2013-04-12 22:20:27,SA2
336,1243,SV1,SV1,"",2011-06-29 14:53:13,2011-06-29 14:53:13,SV1
338,2871,SX64,SX64,"",2011-06-29 14:53:55,2016-07-13 19:38:59.130189,SX64
339,1243,SX67,SX67,"",2011-06-29 14:54:14,2011-06-29 14:54:14,SX67
54,1477,unnamed,"","",,,mxg
341,2583,Tora,"","",2011-06-30 14:43:57,2011-06-30 14:43:57,Tora
342,2583,93/40,"","",2011-06-30 19:54:04,2011-06-30 19:54:04,""
343,2583,Jorr,"","",2011-06-30 19:57:13,2011-06-30 19:57:13,""
344,2583,1023,"","",2011-07-01 15:47:52,2011-07-01 15:47:52,""
519,831,CM 489-1,Tall,late branching,2015-03-13 16:43:46.645831,2015-05-07 00:46:49.226812,
346,2583,1052,"","",2011-07-01 15:49:55,2011-07-01 18:53:04,Ulv Valne
347,2583,1054,"","",2011-07-01 15:50:13,2011-07-01 18:54:02,082
348,1243,1051,"","",2011-07-01 19:08:03,2011-07-01 19:08:03,Rapp Valne
349,1243,1053,"","",2011-07-01 19:09:09,2011-07-01 19:09:09,Orm Valne
350,2583,1047,"","",2011-07-01 19:13:58,2011-07-01 19:13:58,Var. gigantea
351,2583,1040,"","",2011-07-01 19:16:30,2011-07-01 19:16:30,CV. Piaskowa
352,2583,78021,"","",2011-07-25 20:37:01,2011-07-25 20:37:01,""
353,2869,81090,"","",2011-07-25 20:38:08,2011-07-25 20:38:08,""
354,2583,78112,"","",2011-07-27 21:27:42,2011-07-27 21:27:42,""
355,2583,82007,"","",2011-07-27 21:28:42,2011-07-27 21:28:42,""
356,2869,79097,"","",2011-07-27 21:30:41,2011-07-27 21:30:41,""
357,2583,Gudrun,"","",2011-07-27 21:31:20,2011-07-27 21:31:20,""
53,938,Pathfinder HYDMDC,Upland,"",,,pvpathyd
362,2583,082,"","",2011-08-30 20:56:46,2011-08-30 20:59:59,SAVI2
363,2583,081,"","",2011-08-30 20:57:22,2011-08-30 21:00:21,SAVI2
364,2869,075,"","",2011-08-30 20:58:15,2011-08-30 20:58:15,Salix dasyclados
365,1243,"","","",2011-08-30 21:00:58,2011-08-30 21:00:58,""
366,1243,206,"","",2011-08-30 21:02:12,2011-08-30 21:02:12,S. dasyclados x purpurea
93,2860,Eugeneii,"","",2010-11-23 11:31:03,2010-11-23 11:31:03,Eug
368,2984,Saccharum IACSP93-2060,"","",2011-09-01 20:11:18,2011-09-08 01:19:22,""
380,33738,NiF3,"","",2011-11-22 22:28:14,2014-07-28 17:53:13.141671,""
391,33738,S3-19,"","",2011-11-22 23:06:02,2014-07-28 17:53:13.141671,""
384,33738,KY99-96,"","",2011-11-22 22:54:31,2014-07-28 17:53:13.141671,""
98,2861,Ekebo,"","",2010-11-23 11:31:03,2010-11-23 11:31:03,Eke
99,2862,Beaupre,"","",2010-11-23 11:31:03,2010-11-23 11:31:03,bea
500,938,Kanlow LBulk,"","",2014-10-27 16:36:02.999389,2014-10-27 16:36:02.999389,
501,938,Kanlow Check,"","",2014-10-27 16:36:17.120315,2014-10-27 16:36:17.120315,
559,51216,Columbia River,"","",2015-03-14 22:44:39.949163,2015-03-14 22:44:39.949163,
560,51216,Fritzi Pauley,"","",2015-03-14 22:45:43.117452,2015-03-14 22:45:43.117452,
561,51216,Trichobel,"","",2015-03-14 22:46:03.716629,2015-03-14 22:46:03.716629,
562,2862,"Beaupre, Boelare, Hazendans, Hoogvorst, Raspalje, Unal","","",2015-03-14 23:10:18.601552,2015-03-14 23:10:18.601552,
565,2860,"Gaver, Gibecq, and Primo","","",2015-03-14 23:10:56.787078,2015-03-14 23:11:47.570456,
563,2068,"Columbia River, Fritzi Pauley, Trichobel","","",2015-03-14 23:10:32.605584,2015-03-14 23:27:29.854854,
564,2866,"IBW1, IBW2, and IBW3","","",2015-03-14 23:10:43.304828,2015-03-14 23:32:20.298427,
509,831,M Col 1438,"","",2015-03-13 16:29:32.413054,2015-03-13 16:29:32.413054,
510,831,Cigana,"","",2015-03-13 16:33:48.59633,2015-03-13 16:33:48.59633,
512,831,M Col 22,"","",2015-03-13 16:34:44.792119,2015-03-13 16:34:44.792119,
513,831,Cigana Preta,"","",2015-03-13 16:35:05.825675,2015-03-13 16:35:05.825675,
514,831,C-1,"","",2015-03-13 16:35:33.191891,2015-03-13 16:35:33.191891,
516,831,M Col 1864,"","",2015-03-13 16:36:57.076579,2015-03-13 16:36:57.076579,
517,831,CM 1335-4,"","",2015-03-13 16:37:42.466193,2015-03-13 16:37:42.466193,
518,831,CM 2136-2,"","",2015-03-13 16:43:12.464188,2015-03-13 16:43:12.464188,
558,831,M Mex 59,"","",2015-03-14 21:08:27.130591,2015-03-14 21:08:27.130591,
566,2864,"NL-80351, I-69, I-72","","",2015-03-17 03:59:18.163398,2015-03-17 03:59:18.163398,
92,2860,I45/51,"","",2010-11-23 11:31:03,2015-04-07 00:43:46.649014,145
511,831,M Col 113,Tall,"",2015-03-13 16:34:23.490915,2015-03-13 16:34:23.490915,
415,794,64038-2n,"",Ploidy: 2n,2012-05-29 19:22:09,2015-01-26 13:21:14.485414,""
430,32714,GS 308 (AYB 936),"","",2012-09-21 21:00:47,2012-09-21 21:00:47,""
466,33738,Lahaina,"","",2014-04-29 16:15:51.604263,2014-04-29 16:15:51.604263,
397,33738,97S-41,"","",2011-11-22 23:09:17,2014-07-28 17:53:13.141671,""
404,33738,98S-6,"","",2011-11-22 23:12:56,2014-07-28 17:53:13.141671,""
160,2881,P-trikor-473,"","",2010-11-23 11:31:03,2010-11-23 11:31:03,ptrikor473
60,2157,EMI-05,"",see Clifton-Brown et al 2001 https://www.betydb.org/citations/49  for details,,2014-07-29 01:12:04.252577,mgemi05
468,2984,H69-8235,"","",2014-04-29 16:16:44.897323,2016-05-25 20:31:39.738389,
502,938,Alamo L137,"","",2014-10-29 14:35:07.581576,2014-10-29 14:35:07.581576,
503,938,Alamo L460,"","",2014-10-29 14:35:25.193665,2014-10-29 14:35:25.193665,
504,938,Alamo L175,"","",2014-10-29 14:47:39.056005,2014-10-29 14:47:39.056005,
162,2862,11 11,"","",2010-11-23 11:31:03,2010-11-23 11:31:03,1111
467,2984,H65-7052,"","",2014-04-29 16:16:26.362847,2016-05-25 20:31:39.738389,
163,2862,44-136,"","",2010-11-23 11:31:03,2010-11-23 11:31:03,44136
417,794,Gremie,"",Ploidy: 2n,2012-05-29 19:34:10,2012-05-29 19:34:10,""
418,794,Reveille,"",Ploidy: 4n,2012-05-29 19:34:56,2012-05-29 19:34:56,""
419,959,Deploy,"",Ploidy: 4n,2012-05-29 19:35:39,2012-05-29 19:35:39,""
420,959,S48,"",Ploidy: 6n,2012-05-29 19:37:12,2012-05-29 19:37:12,""
421,1292,P8 (2n),"",Ploidy: 2n,2012-05-29 19:38:04,2012-05-29 19:38:04,""
422,1292,P8 (4n),"",Ploidy: 4n,2012-05-29 19:38:38,2012-05-29 19:38:38,""
423,2830,Pentland Crown (4n),"",Ploidy: 4n,2012-05-29 19:41:12,2012-05-29 19:41:12,""
424,2830,(4n),"",Ploidy: 4n,2012-05-29 19:42:34,2012-05-29 19:43:38,""
425,2830,(2n),"",Ploidy: 2n,2012-05-29 19:43:02,2012-05-29 19:43:19,""
426,1407,Granta (2n),"",Ploidy: 2n,2012-05-29 19:45:01,2012-05-29 19:45:01,""
427,1407,Deben (4n),"",Ploidy: 4n,2012-05-29 19:45:38,2012-05-29 20:07:21,""
428,32714,Chaoshi1,"",Compact type,2012-09-21 20:00:03,2012-09-21 20:00:03,""
505,938,Alamo L705,"","",2014-10-29 14:51:21.406004,2014-10-29 14:51:21.406004,
431,32714,Golden Crystal,"","",2012-09-30 22:12:11,2012-09-30 22:12:11,""
432,32714,Obatanpa,"","",2012-09-30 22:12:36,2012-09-30 22:12:36,""
433,32714,Mamaba,"","",2012-09-30 22:12:51,2012-09-30 22:12:51,""
434,32690,sh2,"",Sweet corn sh2 genotype ,2012-10-04 19:23:52,2012-10-04 19:23:52,""
436,51161,77077,"","",2013-04-10 21:14:21,2013-04-10 21:16:17,77077
437,1243,77082,"","",2013-04-10 21:18:00,2013-04-10 21:18:00,77082
438,2583,77683,"","",2013-04-10 21:28:37,2013-04-10 21:28:37,77683
167,2862,1 12,"","",2010-11-23 11:31:03,2010-11-23 11:31:03,49177
440,2583,78003,"","",2013-04-10 21:29:35,2013-04-10 21:29:35,78003
414,2767,Ailsa craig,"",Ploidy: 4n,2012-05-29 19:13:47,2012-05-29 19:13:47,""
443,2583,78183,"","",2013-04-10 21:30:45,2013-04-10 21:30:45,78183
444,2583,78195,"","",2013-04-10 21:31:06,2013-04-10 21:31:06,78195
445,2869,78196,"","",2013-04-10 21:31:33,2013-04-10 21:31:33,78196
459,14993,Hybrid 11648,"","",2013-10-10 17:15:05,2013-10-10 17:15:05,
460,14993,Hybrid Mlola,"","",2013-10-10 17:15:46,2013-10-10 17:15:46,
506,938,Kanlow L175,"","",2014-10-29 15:08:54.037647,2014-10-29 15:10:52.8258,
507,938,Kanlow L705,"","",2014-10-29 15:17:24.681458,2014-10-29 15:17:24.681458,
461,2871,SX61,"","",2013-11-14 18:20:04,2016-07-13 19:46:06.999778,
522,831,CMC 40,Tall,* Synonym of M Col 1468 according to CIAT database ,2015-03-13 16:46:46.330799,2015-03-13 16:47:13.174643,
528,831,M Col 1468,Tall,intermediate branching,2015-03-13 16:49:29.997884,2015-05-07 00:48:09.136225,
173,2862,Donk,"","",2010-11-23 11:31:03,2010-11-23 11:31:03,donk
462,51219,9882-34 (Fish Creek),"","",2013-11-14 18:22:18,2017-06-13 21:17:00.270576,
463,33762,Molokai 5829,"","",2014-04-29 15:48:32.813229,2014-04-29 15:48:32.813229,
464,33786,SES208,"","",2014-04-29 15:49:09.314877,2014-04-29 15:49:09.314877,
465,33774,Natal Uba,"","",2014-04-29 15:49:38.089052,2014-04-29 15:49:38.089052,
174,2862,Hunnegem,"","",2010-11-23 11:31:03,2010-11-23 11:31:03,hunnegem
469,938,Ceres 1102,Lowland,improved Kanlow,2014-07-10 16:02:49.338979,2014-07-10 19:57:01.465904,
470,1477,Freedom,"","",2014-07-10 20:00:28.003244,2014-07-10 20:00:28.003244,
471,938,Ceres EG1101,Lowland,improved Alamo,2014-07-10 20:02:20.267502,2014-07-10 20:02:20.267502,
472,938,Timber,"","",2014-07-10 20:03:09.921175,2014-07-10 20:03:09.921175,
473,938,SL 93 2001-1,"","",2014-07-10 20:03:37.055234,2014-07-10 20:03:37.055234,
474,938,Carthage,"","",2014-07-10 20:04:03.510138,2014-07-10 20:04:03.510138,
175,2860,Luisa avanzo,"","",2010-11-23 11:31:03,2010-11-23 11:31:03,luisa
451,33738,N19,"","",2013-05-30 14:56:54,2014-07-28 18:05:19.579538,
94,1072,26C6R51,"","",2010-11-23 11:31:03,2014-07-28 22:34:44.089698,26c
97,1070,"910,51","","",2010-11-23 11:31:03,2010-11-23 11:31:03,910
103,2867,Balsam Spire,"","",2010-11-23 11:31:03,2010-11-23 11:31:03,balsam
161,2579,0036-Hrusky,"","",2010-11-23 11:31:03,2010-11-23 11:31:03,0036hrusky
429,1072,Danyu86,"",Flat Type,2012-09-21 20:00:37,2012-09-21 20:00:37,""
442,1072,78090,"","",2013-04-10 21:30:25,2013-04-10 21:30:25,78090
520,831,CM 922-2,"","",2015-03-13 16:44:22.770469,2015-03-13 16:44:22.770469,
523,831,Aipin Valenca,"","",2015-03-13 16:47:47.700977,2015-03-13 16:47:47.700977,
524,831,Amani 4026/16,"","",2015-03-13 16:48:09.86166,2015-03-13 16:48:09.86166,
525,831,Msitu Zanzibar,"","",2015-03-13 16:48:30.797992,2015-03-13 16:48:30.797992,
215,2068,747210,"","",2010-11-23 11:31:03,2010-11-23 11:31:03,747210
255,2952,Androscoggin,"","",2010-11-23 11:31:03,2010-11-23 11:31:03,androscoggin
526,831,Motilona,"","",2015-03-13 16:48:47.002511,2015-03-13 16:48:47.002511,
527,831,M Aus 7,"","",2015-03-13 16:49:06.235887,2015-03-13 16:49:06.235887,
256,2952,Hybride 275,"","",2010-11-23 11:31:03,2010-11-23 11:31:03,hybride275
257,2952,Hybride 276,"","",2010-11-23 11:31:03,2010-11-23 11:31:03,hybride276
258,2952,Hybride 277,"","",2010-11-23 11:31:03,2010-11-23 11:31:03,hybride277
529,831,TMS 71173,"","",2015-03-13 16:50:02.102402,2015-03-13 16:50:02.102402,
530,831,Isunikankiyan,"","",2015-03-13 16:50:19.975251,2015-03-13 16:50:19.975251,
531,831,TMS4 (2) 1425,"","",2015-03-13 16:50:41.057671,2015-03-13 16:50:41.057671,
532,831,TMS91/02324,"","",2015-03-13 16:51:28.189954,2015-03-13 16:51:28.189954,
533,831,IAC Mantiqueira,"",* Popular name of M Col 1468 according to CIAT database,2015-03-13 16:52:21.470212,2015-03-13 16:52:21.470212,
536,831,Golden Yellow,"","",2015-03-13 16:53:36.52491,2015-03-13 16:53:36.52491,
535,831,Ceiba,Tall,"",2015-03-13 16:53:02.565494,2015-03-13 16:53:02.565494,
534,831,SRT 59,Tall,"",2015-03-13 16:52:47.047529,2015-03-13 16:52:47.047529,
538,831,Ce 22,Short,"",2015-03-13 16:55:01.112838,2015-03-13 16:55:01.112838,
539,831,Ci 590,Short,"",2015-03-13 16:55:15.672897,2015-03-13 16:55:15.672897,
537,831,M Col 1684,Short,early branching,2015-03-13 16:54:38.921874,2015-05-07 00:48:32.349307,
521,831,CM 523-7,Tall,intermediate branching,2015-03-13 16:45:05.656517,2015-05-07 00:47:08.247892,
176,2860,Triplo,"","",2010-11-23 11:31:03,2010-11-23 11:31:03,triplo
284,2864,Saccharum CB 47-355,"","",2011-03-28 17:08:58,2014-07-28 17:59:47.945762,""
169,2864,Spidenro1,"","",2010-11-23 11:31:03,2010-11-23 11:31:03,spidenro1
170,2864,Spidenro2,"","",2010-11-23 11:31:03,2010-11-23 11:31:03,spidenro2
177,2860,Cima,"","",2010-11-23 11:31:03,2010-11-23 11:31:03,cima
180,2869,SV1,"","",2010-11-23 11:31:03,2010-11-23 11:31:03,sv1
399,33738,95GA22,"","",2011-11-22 23:10:18,2014-07-28 18:05:19.579538,""
412,33738,Q141,"","",2012-04-13 04:14:12,2014-07-28 17:53:13.141671,""
390,33738,S8-2,"","",2011-11-22 23:05:33,2014-07-28 17:53:13.141671,""
376,33738,NCo 376,"","",2011-10-11 22:31:33,2014-07-28 17:53:13.141671,""
91,33738,Q138,"","",2010-11-19 20:40:20,2014-07-28 17:53:13.141671,""
389,33738,KRSp93-30,"","",2011-11-22 23:02:37,2014-07-28 17:53:13.141671,""
382,33738,NiTn20,"","",2011-11-22 22:52:57,2014-07-28 17:53:13.141671,""
386,33738,KRSp93-91,"","",2011-11-22 23:00:46,2014-07-28 17:53:13.141671,""
392,33738,S3-23,"","",2011-11-22 23:06:29,2014-07-28 17:53:13.141671,""
388,33738,S5-16,"","",2011-11-22 23:02:07,2014-07-28 17:53:13.141671,""
409,33738,Tentaka,"","",2011-11-22 23:15:22,2014-07-28 18:05:19.579538,""
401,33738,97GS95,"","",2011-11-22 23:11:17,2014-07-28 18:05:19.579538,""
396,33738,97S-31,"","",2011-11-22 23:08:43,2014-07-28 17:53:13.141671,""
171,2864,Spidenro3,"","",2010-11-23 11:31:03,2010-11-23 11:31:03,spidenro3
172,2864,Spidenro4,"","",2010-11-23 11:31:03,2010-11-23 11:31:03,spidenro4
116,2579,Wolterson,"","",2010-11-23 11:31:03,2010-11-23 11:31:03,wol
178,2861,Astria,"","",2010-11-23 11:31:03,2015-04-07 00:56:49.320786,astria
183,2876,Wedesbuttel 51 x Wedesbuttel 52,"","",2010-11-23 11:31:03,2015-04-07 01:52:17.956234,w51w52
395,33738,97S-27,"","",2011-11-22 23:08:06,2014-07-28 17:53:13.141671,""
398,33738,97S-51,"","",2011-11-22 23:09:56,2014-07-28 17:53:13.141671,""
402,33738,99GA145,"","",2011-11-22 23:11:50,2014-07-28 17:53:13.141671,""
184,2861,Wedesbuttel 51 x T44-60,"","",2010-11-23 11:31:03,2015-04-07 01:53:34.47133,w51t44
400,33738,97GA18,"","",2011-11-22 23:10:49,2014-07-28 18:05:19.579538,""
407,33738,JW49,"","",2011-11-22 23:14:15,2014-07-28 17:53:13.141671,""
405,33738,98S-9,"","",2011-11-22 23:13:21,2014-07-28 17:53:13.141671,""
185,2861,Groβ-Dubrau 1 x Turesson 141,"","",2010-11-23 11:31:03,2015-04-07 01:54:43.418131,grdb1tur
186,2861,Wedesbuttel 95 x Turesson 141,"","",2010-11-23 11:31:03,2015-04-07 01:55:21.263387,w95tur
187,2884,Ihlendiek 3 x Turesson 141,"","",2010-11-23 11:31:03,2015-04-07 01:57:11.433935,ihl3tur
188,2883,Ihlendiek 3 x Wedesbuttel 66,"","",2010-11-23 11:31:03,2015-04-07 01:58:45.228085,ihl3w66
190,2876,Groβ-Dubrau 1 x Wedesbuttel 52,"","",2010-11-23 11:31:03,2015-04-07 01:59:39.583666,grdb1w52
192,2861,Brauna 11 x T44-60,"","",2010-11-23 11:31:03,2015-04-07 02:00:44.121173,br11t44
193,2861,Groβ-Dubrau 1 x T44-60,"","",2010-11-23 11:31:03,2015-04-07 02:01:27.109332,grdb1t44
194,2861,Wedesbuttel 95 x T44-60,"","",2010-11-23 11:31:03,2015-04-07 02:02:32.962781,w95t44
379,33738,Saccharum CB47-335,"","",2011-11-01 20:37:22,2014-07-28 17:53:13.141671,""
372,33738,IACSP93-2060,"","",2011-09-08 01:15:36,2014-07-28 17:53:13.141671,""
373,33738,IACSP95-3028,"","",2011-09-08 01:17:12,2014-07-28 17:53:13.141671,""
195,2861,Brauna 11 x Turesson 141,"","",2010-11-23 11:31:03,2015-04-07 02:02:54.989784,br11tur
287,33738,RB855536,"","",2011-04-04 17:28:36,2014-07-28 17:53:13.141671,""
197,2883,Ihlendiek 3 x Wedesbuttel 52,"","",2010-11-23 11:31:03,2015-04-07 02:03:57.555523,ihl3w52
281,33738,H87-4094+,"",virus infected,2011-02-14 19:27:34,2014-07-28 17:53:13.141671,""
378,33738,Saccharum SP83-2847,"","",2011-10-28 17:34:48,2014-07-28 17:53:13.141671,""
189,2876,Brauna 11 x Wedesbuttel 52,"","",2010-11-23 11:31:03,2015-04-08 17:17:18.43474,br11w52
191,2876,Wedesbuttel 95 x Wedesbuttel 52,"","",2010-11-23 11:31:03,2015-04-08 17:23:23.190515,w95w52
540,831,H 1423,Short,"",2015-03-13 16:55:34.841417,2015-03-13 16:55:34.841417,
541,831,H 165,Tall,"",2015-03-13 16:56:25.475185,2015-03-13 16:56:25.475185,
181,36702,SH3,"","",2010-11-23 11:31:03,2015-08-07 22:13:36.414676,sh3
282,33738,H87-4094-,"",virus free by meristem tip culture,2011-02-14 19:28:35,2014-07-28 17:53:13.141671,""
374,33738,IACSP95-5000,"","",2011-09-08 01:17:42,2014-07-28 17:53:13.141671,""
283,33738,"","","",2011-03-14 03:48:06,2014-07-28 17:53:13.141671,""
270,2864,Halland,"","",2010-11-23 11:31:03,2010-11-23 11:31:03,halland
567,2864,NE-41,"","",2015-03-18 02:10:28.199966,2015-03-18 02:10:28.199966,
568,2864,NE-386,"","",2015-03-18 02:11:25.358666,2015-03-18 02:11:25.358666,
569,2864,NE-299,"","",2015-03-18 02:11:43.205108,2015-03-18 02:11:43.205108,
570,2864,NC-5260,"","",2015-03-18 02:12:07.686617,2015-03-18 02:12:07.686617,
571,2864,NC-5377,"","",2015-03-18 02:12:22.47832,2015-03-18 02:12:22.47832,
572,2864,DN-34,"","",2015-03-18 02:12:36.885702,2015-03-18 02:12:36.885702,
573,2866,71009,"","",2015-03-18 15:27:47.294387,2015-03-18 15:27:47.294387,
574,2866,71015,"","",2015-03-18 15:28:19.794706,2015-03-18 15:28:19.794706,
575,2860,Ghoy,"","",2015-03-18 15:44:13.187689,2015-03-18 15:44:13.187689,
385,33738,KRFo93-1,"","",2011-11-22 22:55:21,2014-07-28 17:53:13.141671,""
90,33738,Q117,"","",2010-11-19 20:40:02,2014-07-28 17:53:13.141671,""
381,33738,NiF8,"","",2011-11-22 22:49:22,2014-07-28 17:53:13.141671,""
387,33738,S5-14,"","",2011-11-22 23:01:28,2014-07-28 17:53:13.141671,""
383,33738,KY96T-547,"","",2011-11-22 22:53:57,2014-07-28 17:53:13.141671,""
239,2862,1162,"","",2010-11-23 11:31:03,2010-11-23 11:31:03,1162
240,2862,1178,"","",2010-11-23 11:31:03,2010-11-23 11:31:03,1178
241,2862,1180,"","",2010-11-23 11:31:03,2010-11-23 11:31:03,1180
242,2862,1580,"","",2010-11-23 11:31:03,2010-11-23 11:31:03,1580
243,2862,1582,"","",2010-11-23 11:31:03,2010-11-23 11:31:03,1582
244,2862,1592,"","",2010-11-23 11:31:03,2010-11-23 11:31:03,1592
245,2862,1594,"","",2010-11-23 11:31:03,2010-11-23 11:31:03,1594
246,2862,1605,"","",2010-11-23 11:31:03,2010-11-23 11:31:03,1605
247,2860,DN17,"","",2010-11-23 11:31:03,2010-11-23 11:31:03,DN17
248,2860,DN34,"","",2010-11-23 11:31:03,2010-11-23 11:31:03,DN34
576,2862,Ekebo,"","",2015-03-18 16:42:21.211635,2015-03-18 16:42:21.211635,
577,2861,Wedesbuttel 51 x Turesson 141,"","",2015-04-07 02:08:33.420993,2015-04-07 02:08:33.420993,
406,33738,JW41,"","",2011-11-22 23:13:45,2014-07-28 17:53:13.141671,""
393,33738,S3-27,"","",2011-11-22 23:06:58,2014-07-28 17:53:13.141671,""
408,33738,IK76-126,"","",2011-11-22 23:14:53,2014-07-28 18:05:19.579538,""
403,33738,97S109,"","",2011-11-22 23:12:20,2014-07-28 17:53:13.141671,""
394,33738,S3-31,"","",2011-11-22 23:07:36,2014-07-28 17:53:13.141671,""
410,33738,Q96,"","",2011-11-28 22:14:55,2014-07-28 18:05:19.579538,""
578,51217,Tora,"","",2015-04-16 14:48:59.593385,2015-04-16 14:48:59.593385,
579,51218,206,"","",2015-04-16 14:58:19.659192,2015-04-16 14:58:19.659192,
580,2583,78090,"","",2015-04-23 05:21:38.456941,2015-04-23 05:21:38.456941,
52,938,Ey Ãƒ— FF LDMDC,Upland,"",,2014-06-16 22:12:19.938714,pvldm
589,831,Wild - Cayenne and Macouria,""," originated from a population in forest-savanna ecotone(04◦58.12′N, 52◦26.31′W) between Cayenne and Macouria",2015-05-07 00:37:56.421761,2015-05-07 00:43:06.402606,
588,831,Polyvarietal St. Georges and Macouria,"","polyvarietal populations grown by Palikur Amerindians at Esperance II near St. Georges de l’Oyapock (03◦54′N, 51◦48′W)  and Kamuyene near Macouria (05◦01′N,52◦28′W)",2015-05-07 00:37:21.435508,2015-05-07 00:43:35.743104,
583,831,"Average of M Col 22, MBra 900, CG 1141-1, CG 1420-1, MPan 51, CM 3294-4 and SG 107-35 cultivars",Short,"",2015-05-06 23:35:23.795887,2015-05-07 00:24:23.910761,
585,831,Average of Gading and Adiral cultivars,"","",2015-05-06 23:36:06.519445,2015-05-06 23:45:23.544971,
582,831,"Average of TMS 30555, TMS 30572, TMS 30001, TMS 91934, TMS 4(2)1425, TMA1 cultivars","","",2015-05-06 23:35:01.028753,2015-05-06 23:45:54.269812,
586,831,Average of Pucuk Biru and Adira cultivars,"","",2015-05-06 23:36:24.342518,2015-05-06 23:46:25.534289,
515,831,CM 507-37,Short,"",2015-03-13 16:36:19.476238,2015-05-07 00:11:34.736794,
584,831,"Average of CG 402-11, CM 4574-7, MBra110, MMal 48, CM 507-37, CM 472-4 and SG 536-1 cultivars",Tall,"",2015-05-06 23:35:45.689138,2015-05-06 23:44:40.39518,
251,2862,Rap,"","",2010-11-23 11:31:03,2010-11-23 11:31:03,rap
252,2877,Max 1,"","",2010-11-23 11:31:03,2010-11-23 11:31:03,max1
253,2877,Max 2,"","",2010-11-23 11:31:03,2010-11-23 11:31:03,max3
254,2877,Max 4,"","",2010-11-23 11:31:03,2010-11-23 11:31:03,max4
275,2866,ibw1,"","",2010-11-23 11:31:03,2010-11-23 11:31:03,ibw1
276,2866,ibw2,"","",2010-11-23 11:31:03,2010-11-23 11:31:03,ibw2
277,2866,ibw3,"","",2010-11-23 11:31:03,2010-11-23 11:31:03,ibw3
278,2862,raspaje,"","",2010-11-23 11:31:03,2010-11-23 11:31:03,raspaje
249,1072,D121,"","",2010-11-23 11:31:03,2010-11-23 11:31:03,D121
268,1072,ILL-129,"","",2010-11-23 11:31:03,2010-11-23 11:31:03,ill129
209,2955,Hybrid 5,"","",2010-11-23 11:31:03,2014-07-28 17:39:49.858718,hybrid5
455,33738,Q120,"","",2013-05-30 14:56:54,2014-07-28 17:53:13.141671,
5000000001,29871,Platycladus orientalis,"","",2019-07-15 18:03:15.649628,2019-07-15 18:03:15.649628,
5000000002,11486,Quercus variabilis,"","",2019-07-15 18:04:11.980941,2019-07-15 18:04:11.980941,
